dimension,frequency_score,rating_count_score,rank_score,cross_category_score
derived_style,0.22749395506866626,0.2446485458057331,0.2883788258757545,0.2394786732498462
derived_scene,0.22651512609880162,0.15773453605753907,0.39477868946029737,0.2209716483833619
derived_colour,0.21898812775678733,0.2619488814689538,0.25359142399349743,0.26547156678076156
derived_material,0.2130299547146147,0.2208393125174026,0.33631548022026286,0.2298152525477198
derived_pattern,0.2717147157309409,0.21197612450537998,0.30971749914584107,0.206591660617838
