dimension,label,item_count,avg_rating,avg_rating_count,total_rating_count,avg_rank,query_count,frequency_score,rating_count_score,rank_score,cross_category_score,trend_score,frequency_score_normalized,rating_count_score_normalized,rank_score_normalized,cross_category_score_normalized,rank_in_dimension
derived_style,casual,212,3.7830188679245285,384.6981132075472,81556.0,23.46698113207547,12,0.38475499092558985,5.9550549733369,0.5414901809780517,1.0,0.8366962239179323,1.0,0.9087874568553027,0.5110987791342955,1.0,1
derived_style,basic,47,3.7638297872340427,394.06382978723406,18521.0,27.340425531914892,9,0.0852994555353902,5.979047346244214,0.462440295267043,0.75,0.543557732109335,0.21428571428571427,0.9139174317414284,0.3591989987484356,0.7000000000000001,2
derived_style,sporty,3,3.9333333333333336,388.3333333333333,1165.0,11.0,2,0.0054446460980036296,5.9644358747200625,0.7959183673469388,0.16666666666666666,0.512286375090024,0.0047619047619047615,0.9107932521424448,1.0,0.0,3
derived_style,formal,10,3.9200000000000004,589.9,5899.0,34.5,3,0.018148820326678767,6.381646798351629,0.3163265306122449,0.25,0.2998807966417961,0.0380952380952381,1.0,0.07843137254901969,0.1,4
derived_style,party,2,3.65,4.5,9.0,36.5,2,0.003629764065335753,1.7047480922384253,0.2755102040816326,0.16666666666666666,0.0,0.0,0.0,0.0,0.0,5
