dimension,label,item_count,avg_rating,avg_rating_count,total_rating_count,avg_rank,query_count,frequency_score,rating_count_score,rank_score,cross_category_score,trend_score,frequency_score_normalized,rating_count_score_normalized,rank_score_normalized,cross_category_score_normalized,rank_in_dimension
derived_pattern,solid,55,3.7236363636363636,656.7272727272727,36120.0,22.836363636363636,11,0.0998185117967332,6.488790366267214,0.5543599257884972,0.9166666666666666,0.8135326338514897,0.9642857142857142,1.0,0.42927580893682593,1.0,1
derived_pattern,floral,57,3.8228070175438598,456.17543859649123,26002.0,27.17543859649123,4,0.10344827586206896,6.125067209122606,0.4658073755818116,0.3333333333333333,0.6172656565889234,1.0,0.9254566747153354,0.2821885221528396,0.30000000000000004,2
derived_pattern,striped,48,3.9166666666666665,437.3125,20991.0,26.145833333333332,2,0.08711433756805807,6.08293212629713,0.48681972789115646,0.16666666666666666,0.5412581136660503,0.8392857142857143,0.9168212905687412,0.317090395480226,0.1,3
derived_pattern,embroidered,1,4.1,134.0,134.0,6.0,1,0.0018148820326678765,4.90527477843843,0.8979591836734694,0.08333333333333333,0.45290017194266263,0.0,0.6754660371818788,1.0,0.0,4
derived_pattern,printed,16,3.94375,162.25,2596.0,26.125,3,0.029038112522686024,5.09528276815654,0.4872448979591837,0.25,0.36396351486067324,0.26785714285714285,0.7144072679119615,0.31779661016949157,0.20000000000000004,5
derived_pattern,reversible,11,4.081818181818182,132.63636363636363,1459.0,21.727272727272727,1,0.019963702359346643,4.895122406974411,0.5769944341372912,0.08333333333333333,0.3358605658698935,0.17857142857142858,0.6733853570998235,0.4668721109399075,0.0,6
derived_pattern,stripe,1,4.1,126.0,126.0,25.0,1,0.0018148820326678765,4.844187086458591,0.5102040816326531,0.08333333333333333,0.25076724184791427,0.0,0.6629464062353893,0.35593220338983056,0.0,7
derived_pattern,check,2,2.05,4.0,8.0,20.5,2,0.003629764065335753,1.6094379124341003,0.6020408163265306,0.16666666666666666,0.18299468869893226,0.017857142857142856,0.0,0.5084745762711864,0.1,8
derived_pattern,graphic,2,4.1,220.5,441.0,35.5,1,0.003629764065335753,5.40042258948519,0.29591836734693877,0.08333333333333333,0.1695456728037407,0.017857142857142856,0.7769442180945495,0.0,0.0,9
