dimension,label,item_count,avg_rating,avg_rating_count,total_rating_count,avg_rank,query_count,frequency_score,rating_count_score,rank_score,cross_category_score,trend_score,frequency_score_normalized,rating_count_score_normalized,rank_score_normalized,cross_category_score_normalized,rank_in_dimension
derived_material,cotton,146,3.8691780821917807,581.8972602739726,84957.0,24.472602739726028,10,0.26497277676951,6.368010944875717,0.5209672910259995,0.8333333333333334,0.811042913809426,1.0,0.860044027544567,0.5300564061240935,1.0,1
derived_material,denim,68,3.8823529411764706,1016.5294117647059,69124.0,24.13235294117647,3,0.12341197822141561,6.925132822810241,0.5279111644657863,0.25,0.5513025747817136,0.46206896551724147,1.0,0.5380622837370242,0.22222222222222224,2
derived_material,polyester,2,3.9,105.5,211.0,4.5,2,0.003629764065335753,4.66814498514948,0.9285714285714286,0.16666666666666666,0.4589467404618975,0.006896551724137931,0.4330164724261271,1.0,0.1111111111111111,3
derived_material,knit,28,3.667857142857143,199.46428571428572,5585.0,21.857142857142858,2,0.050816696914700546,5.300636104766995,0.5743440233236152,0.16666666666666666,0.39488192735325917,0.18620689655172415,0.5919061395195785,0.5915966386554623,0.1111111111111111,4
derived_material,leather,43,3.7906976744186047,198.2325581395349,8524.0,25.046511627906977,2,0.0780399274047187,5.2944727762704815,0.5092548647365923,0.16666666666666666,0.39133913307589135,0.2896551724137931,0.5903578344404641,0.5165526675786594,0.1111111111111111,5
derived_material,linen,22,3.5818181818181816,232.77272727272728,5121.0,27.136363636363637,1,0.039927404718693285,5.4543493924166,0.46660482374768086,0.08333333333333333,0.3272834234896048,0.14482758620689656,0.630520836777708,0.467379679144385,0.0,6
derived_material,fleece,2,4.1,37.0,74.0,21.5,1,0.003629764065335753,3.6375861597263857,0.5816326530612245,0.08333333333333333,0.2417125973365593,0.006896551724137931,0.1741272270076064,0.6,0.0,7
derived_material,wool,10,3.84,57.0,570.0,32.7,2,0.018148820326678767,4.060443010546419,0.3530612244897958,0.16666666666666666,0.21383106176423802,0.06206896551724139,0.2803541480995746,0.336470588235294,0.1111111111111111,8
derived_material,synthetic,1,4.0,18.0,18.0,47.0,1,0.0018148820326678765,2.9444389791664403,0.061224489795918324,0.08333333333333333,0.0,0.0,0.0,0.0,0.0,9
